1,gberndsen0,Gino,Berndsen,1967-12-08,M
2,twarne1,Tammie,Warne,2017-02-23,F
3,msine2,Mickey,Sine,1955-11-17,M
4,wfrancescotti3,Waly,Francescotti,1981-03-20,F
5,mfarnill4,Merl,Farnill,1977-04-15,F
6,mholbury5,Margi,Holbury,1954-12-30,F
7,akynder6,Alvan,Kynder,1985-04-14,M
8,kcorrett7,Kippy,Corrett,2018-08-15,F
9,mthys8,Maible,Thys,2016-05-01,F
10,dblay9,Donal,Blay,2012-10-08,M
11,dcantona,Dannel,Canton,2010-06-14,M
12,nklimkowskib,Nollie,Klimkowski,1961-04-29,F
13,sklimashevichc,Shaylynn,Klimashevich,2022-09-17,F
14,ghendersond,Glyn,Henderson,1982-02-20,M
15,cochterlonye,Cornie,Ochterlony,2004-02-08,F
16,gbaldacchif,Gillie,Baldacchi,1995-06-30,F
17,bhattong,Belva,Hatton,1953-10-13,F
18,upoyserh,Ulick,Poyser,1969-04-02,M
19,joutrighti,Joya,Outright,2017-11-27,F
20,mcowwellj,Marleah,Cowwell,1995-07-31,F
21,trobertotk,Tybi,Robertot,1964-05-06,F
22,nroelofsenl,Neddy,Roelofsen,2018-04-13,M
23,cshilvockm,Clarence,Shilvock,1966-03-24,M
24,rpeilen,Rabbi,Peile,1985-09-22,M
25,wduckero,Wain,Ducker,1992-11-11,M
26,toffillp,Tomkin,Offill,1991-08-27,M
27,ggoodyerq,Guendolen,Goodyer,1998-11-19,F
28,lgovesr,Libbie,Goves,1984-10-28,F
29,abreckens,Amalle,Brecken,1985-07-16,F
30,clathburyt,Clemens,Lathbury,2007-07-07,M
31,kcleminsonu,Kinnie,Cleminson,1985-03-30,M
32,mhacquelv,Marc,Hacquel,1979-11-17,M
33,abramhillw,Ahmad,Bramhill,1954-08-03,M
34,clarkworthyx,Consuela,Larkworthy,1953-02-16,F
35,gegglesony,Griffith,Eggleson,1985-07-18,M
36,mmcgreayz,Marylynne,McGreay,1968-12-01,F
37,krodolico10,Katrinka,Rodolico,1995-06-07,F
38,srubertelli11,Storm,Rubertelli,1977-06-10,F
39,cbartleet12,Carey,Bartleet,1965-08-14,M
40,supjohn13,Sabine,Upjohn,2013-05-25,F
41,ogoves14,Oralle,Goves,1973-04-09,F
42,ystovin15,Yanaton,Stovin,2008-05-28,M
43,mromke16,Mitchael,Romke,2015-06-01,M
44,amacgillacolm17,Audra,MacGillacolm,1965-02-28,F
45,jrolfs18,Jan,Rolfs,2005-03-11,M
46,scoard19,Sheridan,Coard,1970-08-08,M
47,mthowes1a,Marnia,Thowes,1964-06-08,F
48,polczyk1b,Patty,Olczyk,1950-12-15,M
49,eruffey1c,Elisabet,Ruffey,1985-10-26,F
50,rimm1d,Rickie,Imm,1951-04-22,F
51,mbrake1e,Merry,Brake,1977-03-23,F
52,rhogsden1f,Roma,Hogsden,1969-08-06,M
53,strowl1g,Sher,Trowl,2013-01-03,F
54,dshottin1h,Dione,Shottin,2019-06-05,F
55,kbrammer1i,Kelsey,Brammer,1999-04-14,F
56,rpaice1j,Rodie,Paice,1989-10-25,F
57,fcowdroy1k,Falito,Cowdroy,1983-01-13,M
58,mknoles1l,Mal,Knoles,2010-05-12,M
59,ileadbeater1m,Ive,Leadbeater,2000-03-15,M
60,tvardey1n,Timmy,Vardey,2013-04-05,F
61,fsexstone1o,Filippo,Sexstone,1993-08-16,M
62,ksimonnot1p,Kelby,Simonnot,1990-06-14,M
63,cgloyens1q,Chadd,Gloyens,1951-12-27,M
64,chartfield1r,Corrie,Hartfield,2009-09-12,M
65,rstephenson1s,Roxine,Stephenson,2008-11-26,F
66,rallanby1t,Roderich,Allanby,1971-07-28,M
67,glukianovich1u,Glynnis,Lukianovich,1965-12-04,F
68,ffawcitt1v,Fernanda,Fawcitt,1994-04-13,F
69,welsmor1w,Wilbert,Elsmor,1970-05-29,M
70,bjedrzejkiewicz1x,Brena,Jedrzejkiewicz,1960-07-11,F
71,aeilhersen1y,Abba,Eilhersen,2011-08-19,M
72,ntraice1z,Nickolas,Traice,2005-10-21,M
73,cgumery20,Corina,Gumery,1987-12-16,F
74,kwedlake21,Korry,Wedlake,2001-09-16,F
75,pdesesquelle22,Padget,Desesquelle,2015-01-01,M
76,itonner23,Ileane,Tonner,2023-01-31,F
77,ifeldberg24,Idaline,Feldberg,1979-03-17,F
78,tandriulis25,Terence,Andriulis,2000-06-22,M
79,cblackaller26,Culver,Blackaller,1994-11-11,M
80,lfrancillo27,Lem,Francillo,1953-06-07,M
81,tmoakler28,Tam,Moakler,1976-08-02,M
82,hboyes29,Hobey,Boyes,2011-01-18,M
83,sbrumham2a,Sayers,Brumham,1964-12-04,M
84,jannatt2b,Jerrie,Annatt,1974-02-20,F
85,pkerford2c,Philip,Kerford,1950-06-21,M
86,dtincknell2d,Darcy,Tincknell,1975-04-27,F
87,jharpur2e,June,Harpur,1964-08-23,F
88,schillingworth2f,Siusan,Chillingworth,2004-05-30,F
89,jpickrill2g,Jennifer,Pickrill,1974-11-05,F
90,hburgoyne2h,Harald,Burgoyne,1951-10-27,M
91,cschultheiss2i,Celestine,Schultheiss,1995-06-07,F
92,rdungate2j,Raimund,Dungate,2000-10-25,M
93,tfaichney2k,Tove,Faichney,1957-08-11,F
94,dsheran2l,Doro,Sheran,1952-11-26,F
95,slampke2m,Shayla,Lampke,2024-03-12,F
96,struin2n,Sarina,Truin,1958-01-10,F
97,ybranwhite2o,Yuma,Branwhite,1966-07-23,M
98,ccapeling2p,Carlie,Capeling,1979-10-28,F
99,ldearnaley2q,Lydia,Dearnaley,2004-11-13,F
100,aipsley2r,Adena,Ipsley,1957-03-30,F
101,mtroni2s,Miranda,Troni,1999-11-09,F
102,harpin2t,Herta,Arpin,1964-04-03,F
103,kmadsen2u,Kylie,Madsen,2017-11-15,M
104,jmacdermott2v,Joanna,MacDermott,1980-09-05,F
105,rlawtie2w,Robbie,Lawtie,1961-12-06,F
106,zalton2x,Zedekiah,Alton,1979-09-18,M
107,rkidman2y,Renell,Kidman,1966-09-07,F
108,skellen2z,Stephenie,Kellen,1991-12-15,F
109,amangenet30,Anabal,Mangenet,1974-08-26,F
110,ldoles31,Ludovico,Doles,1982-09-10,M
111,fgoodee32,Francine,Goodee,2020-01-21,F
112,gblayd33,Ginger,Blayd,1970-05-29,M
113,dpierrepoint34,Deborah,Pierrepoint,1955-05-31,F
114,ppaoletti35,Pooh,Paoletti,2014-10-25,M
115,sbarnsdale36,Saudra,Barnsdale,2009-03-09,F
116,cosichev37,Cecil,Osichev,2005-06-24,M
117,adawes38,Augustus,Dawes,1979-09-08,M
118,dbloor39,Dorey,Bloor,2006-05-24,F
119,rbrazur3a,Ricard,Brazur,1985-10-31,M
120,fmcinility3b,Francesco,McInility,1986-03-05,M
121,blyte3c,Brook,Lyte,1982-04-03,M
122,kdering3d,Kristo,Dering,2013-10-19,M
123,edorward3e,Eddy,Dorward,1998-04-19,F
124,rkondratenko3f,Rolf,Kondratenko,1974-06-12,M
125,qmattis3g,Queenie,Mattis,1991-10-09,F
126,tkneeshaw3h,Tasha,Kneeshaw,2021-12-11,F
127,fheaphy3i,Fonsie,Heaphy,2022-10-10,M
128,dbarnfield3j,Denver,Barnfield,2015-04-21,M
129,dquaife3k,Dennet,Quaife,2017-02-16,M
130,mwingfield3l,Mariam,Wingfield,2021-02-22,F
131,cferreira3m,Carlos,Ferreira,1955-08-28,M
132,gscrooby3n,Gianna,Scrooby,1963-02-17,F
133,agatward3o,Alan,Gatward,2011-07-04,M
134,apendre3p,Alfie,Pendre,1990-04-21,F
135,notteridge3q,Nikkie,Otteridge,1979-03-17,F
136,bbloan3r,Barr,Bloan,1987-12-05,M
137,asandwich3s,Almeda,Sandwich,1987-01-14,F
138,llagne3t,Lynde,Lagne,2019-12-09,F
139,jestabrook3u,Jack,Estabrook,1958-04-28,M
140,rskelly3v,Regen,Skelly,1952-07-28,M
141,cshillabear3w,Clare,Shillabear,1975-01-31,M
142,abretherick3x,Alane,Bretherick,1979-12-12,F
143,griste3y,Gayler,Riste,2019-02-09,M
144,wnani3z,Wilmer,Nani,1978-06-06,M
145,gwrightam40,Gus,Wrightam,1971-11-15,F
146,gnardi41,Giulia,Nardi,1955-11-13,F
147,scritten42,Sheffie,Critten,1950-07-25,M
148,skenwrick43,Stanislas,Kenwrick,2011-05-23,M
149,lhallums44,Lannie,Hallums,1993-05-22,M
150,kplacidi45,Kellen,Placidi,1952-07-28,F
151,arestall46,Adda,Restall,2017-08-02,F
152,astable47,Annissa,Stable,2012-07-14,F
153,alafaye48,Avram,Lafaye,1988-06-16,M
154,mbutte49,Madeleine,Butte,1955-06-26,F
155,gcone4a,Greta,Cone,1964-06-07,F
156,bbousler4b,Barr,Bousler,1955-03-16,M
157,gderington4c,Gratiana,Derington,2016-12-20,F
158,nwillcocks4d,Northrop,Willcocks,1987-10-01,M
159,cwindless4e,Clarette,Windless,1958-12-03,F
160,lkirwood4f,Leodora,Kirwood,1950-08-31,F
161,tfarnfield4g,Tara,Farnfield,1986-10-30,F
162,pdubois4h,Pepito,Dubois,1979-08-02,M
163,sjickles4i,Sutherlan,Jickles,1984-01-26,M
164,mmisselbrook4j,Maribel,Misselbrook,1994-10-03,F
165,ddakers4k,Davidson,Dakers,1973-11-23,M
166,ldysert4l,Lillis,Dysert,2001-08-28,F
167,dinns4m,Debora,Inns,2004-06-30,F
168,imcgaughey4n,Ives,Mc Gaughey,1975-10-06,M
169,mbradnock4o,Micaela,Bradnock,1955-11-20,F
170,dblackhurst4p,Dominick,Blackhurst,2001-09-17,M
171,ttyce4q,Tobi,Tyce,2004-02-15,F
172,jtrahear4r,Johna,Trahear,1998-01-03,F
173,jscotfurth4s,Jamie,Scotfurth,1969-10-26,M
174,kmccorkindale4t,Kennedy,McCorkindale,2012-08-03,M
175,lwellings4u,Lynde,Wellings,2010-10-24,F
176,ehovenden4v,Elvira,Hovenden,1997-06-08,F
177,bbertlin4w,Bari,Bertlin,1992-09-19,F
178,dshawdforth4x,Dore,Shawdforth,2010-01-26,F
179,wblackster4y,Ward,Blackster,2022-04-25,M
180,cdobel4z,Camile,Dobel,1963-12-20,F
181,xradleigh50,Xenos,Radleigh,1960-06-11,M
182,asebright51,Arlene,Sebright,1968-12-25,F
183,rboatswain52,Reginald,Boatswain,2017-06-22,M
184,bgreenhalgh53,Bryan,Greenhalgh,1986-04-14,M
185,dtrevon54,Davey,Trevon,1952-10-03,M
186,jskones55,Jonis,Skones,1991-11-04,F
187,olundbech56,Obie,Lundbech,1983-02-02,M
188,eyanyshev57,Edgardo,Yanyshev,2001-05-10,M
189,bbeardsdale58,Briana,Beardsdale,1978-10-05,F
190,emitchinson59,Eli,Mitchinson,1975-05-26,M
191,rbahia5a,Raynard,Bahia,1997-02-09,M
192,crantoull5b,Carmita,Rantoull,1954-05-16,F
193,emcentegart5c,Efren,McEntegart,2022-07-17,M
194,ecauderlie5d,Emerson,Cauderlie,1961-01-22,M
195,kmanvell5e,Karlotta,Manvell,1979-12-26,F
196,swhitrod5f,Steffi,Whitrod,2003-10-13,F
197,awenzel5g,Adriano,Wenzel,1950-07-04,M
198,dlegier5h,Dominga,Legier,1962-07-25,F
199,zvasilevich5i,Zebulen,Vasilevich,1979-09-30,M
200,nmorit5j,Nels,Morit,1968-01-29,M
201,mbrunstan5k,Marys,Brunstan,2017-02-07,F
202,kwells5l,Kerrill,Wells,1962-04-25,F
203,ecarslake5m,Eunice,Carslake,2023-03-25,F
204,ppancoast5n,Prentiss,Pancoast,1991-10-07,M
205,catkin5o,Cleopatra,Atkin,1962-06-16,F
206,pfitchett5p,Phyllis,Fitchett,1991-08-28,F
207,bince5q,Barty,Ince,2015-02-27,M
208,mlamie5r,Morna,L'Amie,1986-07-11,F
209,hratie5s,Hill,Ratie,1990-12-17,M
210,bpahler5t,Berta,Pahler,1984-06-03,F
211,cgossart5u,Cordelia,Gossart,1988-08-29,F
212,garens5v,Gideon,Arens,1966-09-04,M
213,hoxe5w,Hilly,Oxe,1987-09-23,M
214,clochrie5x,Cassandra,Lochrie,1978-01-20,F
215,kfendt5y,Konrad,Fendt,1980-11-11,M
216,crallinshaw5z,Cassius,Rallinshaw,2015-05-08,M
217,ttarquinio60,Thaine,Tarquinio,2012-04-02,M
218,astockwell61,Alberik,Stockwell,1973-11-14,M
219,mlobbe62,Mellisent,Lobbe,1955-06-18,F
220,rbraunter63,Ronni,Braunter,2008-09-11,F
221,hgabotti64,Had,Gabotti,1961-12-31,M
222,zmandeville65,Zackariah,Mandeville,1998-03-30,M
223,cfaulconbridge66,Corabelle,Faulconbridge,2017-10-02,F
224,hfenton67,Hammad,Fenton,1983-06-18,M
225,gvigus68,Gran,Vigus,1998-03-28,M
226,mcranch69,Miner,Cranch,1987-06-02,M
227,rverny6a,Randi,Verny,2013-09-21,M
228,cthams6b,Christan,Thams,1978-10-09,F
229,vbartunek6c,Val,Bartunek,2009-05-11,F
230,tmacskeaghan6d,Truman,MacSkeaghan,2021-08-30,M
231,bisakovitch6e,Benjie,Isakovitch,1980-11-06,M
232,rlawling6f,Reginauld,Lawling,1955-02-11,M
233,ekurth6g,Evaleen,Kurth,1996-11-29,F
234,pclixby6h,Papagena,Clixby,2004-12-11,F
235,mclarson6i,Merwin,Clarson,2015-11-26,M
236,bpassfield6j,Britte,Passfield,1967-06-03,F
237,ljotham6k,Lou,Jotham,1952-12-16,M
238,lkarmel6l,Lonnie,Karmel,2009-09-21,M
239,nknuckles6m,Neale,Knuckles,1967-08-13,M
240,gtuxill6n,Gerome,Tuxill,1994-04-28,M
241,tjoly6o,Taryn,Joly,2015-04-14,F
242,nkuschek6p,Nomi,Kuschek,1963-07-14,F
243,peggins6q,Paule,Eggins,1953-10-25,F
244,gedelheid6r,Gabriello,Edelheid,1960-09-10,M
245,clenoir6s,Cathrine,Le Noir,1985-06-13,F
246,msharrier6t,Marcelline,Sharrier,1959-09-03,F
247,jundrill6u,Jareb,Undrill,1987-06-04,M
248,abelfrage6v,Adan,Belfrage,1995-04-08,M
249,hblazejewski6w,Howey,Blazejewski,1972-12-27,M
250,bchaytor6x,Brand,Chaytor,1982-03-08,M
251,jdrivers6y,Jordana,Drivers,1979-05-19,F
252,rmorales6z,Raeann,Morales,1952-02-02,F
253,tbault70,Thibaud,Bault,2021-12-13,M
254,mhuman71,Merridie,Human,1998-01-23,F
255,gdodman72,Grover,Dodman,1950-11-22,M
256,ulerer73,Ula,Lerer,2017-05-26,F
257,kpinniger74,Koral,Pinniger,1995-01-17,F
258,flangfield75,Free,Langfield,1965-02-09,M
259,sduckworth76,Sydney,Duckworth,1974-01-08,F
260,tsaladine77,Tobiah,Saladine,2019-10-27,M
261,cpoleykett78,Ches,Poleykett,1953-01-04,M
262,pgarth79,Phillipe,Garth,1982-02-19,M
263,hskipping7a,Hadrian,Skipping,2009-12-31,M
264,hmcvicker7b,Hadleigh,McVicker,1965-11-17,M
265,awiles7c,Andriette,Wiles,1984-08-31,F
266,hchape7d,Henka,Chape,1956-04-01,F
267,ezuan7e,Elnar,Zuan,2014-11-18,M
268,hherrema7f,Harley,Herrema,1961-10-29,M
269,gelkington7g,Grove,Elkington,2022-12-12,M
270,ksweet7h,Kienan,Sweet,1994-04-02,M
271,lwoodsford7i,Lionello,Woodsford,1971-03-25,M
272,smithun7j,Shea,Mithun,1970-05-30,F
273,ilukianovich7k,Isaac,Lukianovich,2012-04-27,M
274,cannets7l,Chrisse,Annets,1951-03-11,M
275,kelphee7m,Kalie,Elphee,2015-07-09,F
276,amacilraith7n,Ashli,MacIlraith,1962-05-13,F
277,cnevitt7o,Cariotta,Nevitt,2008-10-02,F
278,msuddaby7p,Moses,Suddaby,1964-01-21,M
279,tkavanagh7q,Tadeo,Kavanagh,1953-08-23,M
280,sdunsleve7r,Shirley,Dunsleve,1987-11-03,F
281,khaspineall7s,Koral,Haspineall,2007-06-24,F
282,cdettmar7t,Carlynne,Dettmar,1955-04-11,F
283,fjurek7u,Feliks,Jurek,1978-07-14,M
284,dlippiello7v,Darius,Lippiello,1984-08-02,M
285,jespinola7w,Julie,Espinola,2018-09-02,F
286,fcanlin7x,Francis,Canlin,1960-04-24,M
287,fomond7y,Frederic,Omond,1961-12-25,M
288,grossbrook7z,Giustino,Rossbrook,1963-10-12,M
289,jbreston80,Juan,Breston,1963-01-16,M
290,lfowlston81,Lu,Fowlston,1979-11-25,F
291,mzavattieri82,Maureene,Zavattieri,1960-04-05,F
292,ldunican83,Lisle,Dunican,2015-02-11,M
293,zdemschke84,Zia,Demschke,1950-11-06,F
294,ajakobssen85,Amandi,Jakobssen,1956-03-08,F
295,esultan86,Editha,Sultan,1988-05-01,F
296,mfilinkov87,Munroe,Filinkov,1984-12-17,M
297,cjohnsson88,Clovis,Johnsson,2019-10-06,F
298,aelsbury89,Anne-marie,Elsbury,2008-06-19,F
299,hpicopp8a,Harrison,Picopp,2002-06-04,M
300,emaynard8b,Edward,Maynard,2016-12-10,M
301,jmallam8c,Jori,Mallam,2002-05-19,F
302,msherrott8d,Melisent,Sherrott,2003-07-17,F
303,gtrebble8e,Gaven,Trebble,2009-03-28,M
304,lconeau8f,Lynea,Coneau,1989-10-21,F
305,mcolumbine8g,Merell,Columbine,1996-06-13,M
306,smcqueen8h,Susana,McQueen,1975-11-29,F
307,mgarvagh8i,Maximilian,Garvagh,1955-09-18,M
308,acapozzi8j,Anna-diane,Capozzi,2002-08-26,F
309,mfieldgate8k,Monti,Fieldgate,1955-11-19,M
310,dmacklam8l,Dael,Macklam,1960-07-14,F
311,mrubenchik8m,Miquela,Rubenchik,1982-05-15,F
312,iblamire8n,Isac,Blamire,2010-12-01,M
313,fhoutbie8o,Franky,Houtbie,1991-04-21,M
314,hpyrke8p,Hailee,Pyrke,1989-07-08,F
315,evitall8q,Edsel,Vitall,2013-03-11,M
316,xhedingham8r,Xever,Hedingham,1990-06-16,M
317,sblaney8s,Sari,Blaney,1957-09-01,F
318,wpigney8t,Waverley,Pigney,1976-01-12,M
319,dsadd8u,Dougy,Sadd,2018-06-15,M
320,hnock8v,Helga,Nock,1991-05-11,F
321,mobeney8w,Margalit,Obeney,1986-12-14,F
322,jpudner8x,Javier,Pudner,1984-01-01,M
323,ewraggs8y,Evvy,Wraggs,1997-04-13,F
324,dbarca8z,Danielle,Barca,2008-10-04,F
325,mwhiscard90,Mady,Whiscard,1988-02-20,F
326,gmcdarmid91,Gris,McDarmid,1985-07-12,M
327,bdecreuze92,Bernadene,Decreuze,1974-05-01,F
328,mcastenda93,Margy,Castenda,1971-11-11,F
329,pkobpal94,Pennie,Kobpal,2012-11-10,M
330,obohl95,Odo,Bohl,1995-10-04,M
331,chalt96,Cori,Halt,1958-09-03,M
332,flaslett97,Franky,Laslett,1957-04-16,M
333,khymers98,Kelly,Hymers,2004-05-09,M
334,ckordas99,Carmine,Kordas,2003-03-01,F
335,dhellen9a,Dorette,Hellen,1981-09-14,F
336,pbagwell9b,Pearla,Bagwell,2019-02-07,F
337,ssimonato9c,Selestina,Simonato,2000-12-15,F
338,aglasby9d,Alonso,Glasby,1975-05-12,M
339,skareman9e,Stephana,Kareman,1985-07-12,F
340,thamm9f,Taffy,Hamm,1991-02-12,F
341,ctaylerson9g,Cleve,Taylerson,1970-03-17,M
342,dfilpo9h,Donia,Filpo,1985-11-16,F
343,stedridge9i,Siusan,Tedridge,1978-12-18,F
344,cjorg9j,Clarette,Jorg,1980-01-27,F
345,lagastina9k,Lowell,Agastina,1997-12-22,M
346,jjosephoff9l,Jamie,Josephoff,1992-01-02,M
347,wleonards9m,Waylen,Leonards,1950-07-24,M
348,dhackworthy9n,Dominique,Hackworthy,2020-08-06,F
349,domar9o,Decca,Omar,1970-11-07,M
350,ykisby9p,Yuri,Kisby,1978-06-17,M
351,scobon9q,Shelton,Cobon,1972-03-28,M
352,tbemment9r,Talyah,Bemment,1978-09-12,F
353,ccrabbe9s,Carrie,Crabbe,2024-04-07,F
354,nbenjefield9t,Nikolos,Benjefield,2014-05-30,M
355,jsetterington9u,Jillene,Setterington,1962-12-22,F
356,sgauler9v,Skippy,Gauler,1976-08-27,M
357,lcleynaert9w,Lindsey,Cleynaert,2004-11-18,M
358,laylen9x,Liz,Aylen,1980-09-06,F
359,lbinny9y,Leia,Binny,1971-02-06,F
360,bmatveiko9z,Bev,Matveiko,1975-12-28,F
361,jkarolyia0,Jayne,Karolyi,1987-03-17,F
362,ctiuita1,Claresta,Tiuit,1958-06-03,F
363,pnobrigaa2,Philip,Nobriga,1950-11-30,M
364,sbriertona3,Sapphira,Brierton,1999-03-31,F
365,mwenningtona4,Malvina,Wennington,2014-09-09,F
366,glarkingsa5,Germain,Larkings,1992-02-04,M
367,jdannella6,Jocelin,Dannell,2004-12-27,F
368,hromea7,Henrie,Rome,1954-07-28,F
369,mlynasa8,Maire,Lynas,2010-08-23,F
370,apiechea9,Alick,Pieche,2012-08-10,M
371,scalowaa,Sandro,Calow,1980-12-23,M
372,ograngeab,Orland,Grange,1969-07-19,M
373,kmayceyac,Karney,Maycey,1987-03-15,M
374,lgregolinad,Lawton,Gregolin,1993-12-18,M
375,bchittieae,Berry,Chittie,1985-06-10,F
376,eovenaf,Eamon,Oven,1962-05-01,M
377,gpenrithag,Germain,Penrith,1984-04-20,M
378,bstrewthersah,Bailie,Strewthers,1979-12-11,M
379,rfieldsai,Rhona,Fields,1993-07-29,F
380,jseemmondsaj,Jdavie,Seemmonds,1994-10-23,M
381,bsheehanak,Burton,Sheehan,1966-04-29,M
382,nhaffneral,Nolie,Haffner,1995-08-14,F
383,tcharnickam,Theo,Charnick,1983-04-18,F
384,abysakeran,Alleen,Bysaker,1956-03-07,F
385,hyeatmanao,Hyacinth,Yeatman,1971-10-06,F
386,fdogetap,Forrester,Doget,1989-08-29,M
387,knarisaq,Kristopher,Naris,2015-06-27,M
388,tgostagear,Tobit,Gostage,2011-09-30,M
389,jmumbersonas,Jolyn,Mumberson,1974-01-18,F
390,abraunesat,Ashli,Braunes,2022-11-05,F
391,sfraysau,Sella,Frays,1994-12-12,F
392,morteuav,Maureen,Orteu,1961-02-12,F
393,rblasiakaw,Renae,Blasiak,1955-01-12,F
394,kwinnardax,Kelli,Winnard,1959-01-13,F
395,jbattellay,Judye,Battell,1986-07-20,F
396,ahancillaz,Ailbert,Hancill,2005-09-28,M
397,adumbarb0,Amalia,Dumbar,1971-08-19,F
398,rgheeorghieb1,Roxane,Gheeorghie,2010-09-12,F
399,jborthramb2,Jehu,Borthram,1993-02-25,M
400,dchristensenb3,Dorry,Christensen,1964-05-22,F
401,kgrinawayb4,Kissie,Grinaway,1961-05-01,F
402,lkneeshab5,Leonanie,Kneesha,1994-09-07,F
403,helsbyb6,Hermon,Elsby,1977-03-22,M
404,khedlingb7,Kara-lynn,Hedling,1966-06-18,F
405,lfazakerleyb8,Leroi,Fazakerley,2021-05-12,M
406,lgridonb9,Lindsey,Gridon,2014-07-03,F
407,bsawoodba,Bealle,Sawood,1952-04-18,M
408,cbruggenbb,Corbie,Bruggen,1985-03-04,M
409,fbortolussibc,Fleur,Bortolussi,1986-07-25,F
410,hthurstanbd,Hillyer,Thurstan,1988-04-07,M
411,owallingtonbe,Othilie,Wallington,1985-09-06,F
412,pdudinbf,Phyllis,Dudin,1983-11-05,F
413,elarratbg,Ernestus,Larrat,1963-02-01,M
414,rlechmerebh,Rhodie,Lechmere,1953-11-03,F
415,tgooddaybi,Thedric,Goodday,1952-06-12,M
416,zsatterlybj,Zak,Satterly,1999-10-20,M
417,sbrunnbk,Sal,Brunn,1952-11-13,M
418,dspringerbl,Dar,Springer,2000-05-23,M
419,kchellambm,Keri,Chellam,1984-12-10,F
420,coakwellbn,Cassandre,Oakwell,1964-02-26,F
421,ehinstridgebo,Esteban,Hinstridge,2015-03-19,M
422,uhuygenbp,Uriah,Huygen,1964-10-14,M
423,cthewysbq,Clyve,Thewys,1973-07-20,M
424,gshirebr,Griselda,Shire,1953-07-31,F
425,sloughanbs,Storm,Loughan,2016-01-25,F
426,rcrudenbt,Rhianon,Cruden,1968-11-06,F
427,tprandibu,Tomaso,Prandi,2008-06-01,M
428,spikenbv,Savina,Piken,1959-03-10,F
429,rbartibw,Roxie,Barti,1974-10-20,F
430,fselcraigbx,Frederico,Selcraig,1990-04-23,M
431,wfrimanby,Wakefield,Friman,1967-12-08,M
432,aroydsbz,Ardith,Royds,2017-04-10,F
433,ebestallc0,Elysee,Bestall,1958-11-08,F
434,ablincowec1,Adriaens,Blincowe,1955-01-06,F
435,wkilfetherc2,Wilhelm,Kilfether,1952-02-06,M
436,amazonowiczc3,Alana,Mazonowicz,1971-08-21,F
437,milyuchyovc4,Maisey,Ilyuchyov,1953-07-26,F
438,vbilliec5,Vickie,Billie,2018-09-23,F
439,aferencc6,Ambrosi,Ferenc,1991-07-16,M
440,kwestmorlandc7,Kizzee,Westmorland,1997-10-06,F
441,lforlongc8,Loralie,Forlong,1987-09-13,F
442,fblanckleyc9,Fredelia,Blanckley,1966-11-21,F
443,bmallabyca,Barron,Mallaby,1976-06-03,M
444,sebbingscb,Stacie,Ebbings,2021-09-27,F
445,oforesightcc,Osgood,Foresight,2019-02-21,M
446,ccuardallcd,Coriss,Cuardall,1991-08-05,F
447,twightce,Thain,Wight,2001-12-10,M
448,kmaidencf,Kit,Maiden,1953-07-11,M
449,vwinnycg,Veda,Winny,1992-02-28,F
450,cbugdallch,Chevy,Bugdall,1995-08-27,M
451,gcostelloci,Giffie,Costello,2011-09-17,M
452,hblagdoncj,Halli,Blagdon,1961-12-30,F
453,asmeuinck,Anthony,Smeuin,1964-07-22,M
454,ibolzencl,Isador,Bolzen,1978-05-19,M
455,yivanishevcm,Yule,Ivanishev,1965-11-09,M
456,kastupenascn,Kit,Astupenas,1950-12-25,M
457,rmayoralco,Rosina,Mayoral,1982-01-19,F
458,astaterfieldcp,Allix,Staterfield,1981-06-02,F
459,bjulianocq,Beckie,Juliano,1986-01-31,F
460,ayarrellcr,Ado,Yarrell,1955-08-07,M
461,wwindowscs,Westbrook,Windows,1996-06-05,M
462,cbrydiect,Cam,Brydie,1964-01-27,F
463,jmulrooneycu,Josefa,Mulrooney,1960-06-16,F
464,akellecv,Alejandro,Kelle,2005-03-07,M
465,dskerrettcw,Dareen,Skerrett,1977-12-18,F
466,tstockwellcx,Timofei,Stockwell,1959-08-08,M
467,rgunthorpecy,Richart,Gunthorpe,1985-12-26,M
468,mlewingtoncz,Margi,Lewington,1988-08-10,F
469,avanvelded0,Albrecht,Van Velde,1988-10-05,M
470,spettersend1,Sharai,Pettersen,1955-09-02,F
471,wlystd2,Wilmer,Lyst,1962-01-25,M
472,ilathayed3,Irene,Lathaye,1985-07-31,F
473,eghidettid4,Elnora,Ghidetti,2000-12-30,F
474,prahilld5,Pembroke,Rahill,1991-06-25,M
475,mdelanyd6,Marina,Delany,2012-03-07,F
476,jcrennelld7,Jasper,Crennell,2005-04-01,M
477,cbuyed8,Caryl,Buye,1964-05-05,M
478,gcuerdaled9,Grenville,Cuerdale,2001-07-29,M
479,ditzkovskyda,Dorry,Itzkovsky,1986-05-08,F
480,ddomengetdb,Demetre,Domenget,2017-01-24,M
481,ebeckhurstdc,Ellsworth,Beckhurst,1983-10-01,M
482,lkunzelmanndd,Lyda,Kunzelmann,1953-04-24,F
483,ttrasede,Tracee,Trase,1995-10-03,F
484,dwinspurrdf,Dagny,Winspurr,2011-03-23,M
485,dscorahdg,Delmer,Scorah,2023-08-30,M
486,jdanihelkadh,Jacqueline,Danihelka,2005-08-07,F
487,gkilbeydi,Grannie,Kilbey,2017-03-20,M
488,pwengerdj,Padraic,Wenger,1978-03-05,M
489,miacivellidk,Minerva,Iacivelli,1982-09-04,F
490,gtomczynskidl,Gilbertina,Tomczynski,1992-08-23,F
491,wbattelldm,Wade,Battell,2001-04-28,M
492,cplacididn,Clarisse,Placidi,2016-03-08,F
493,kmeadmoredo,Korry,Meadmore,1959-04-13,F
494,ehitchamdp,Erica,Hitcham,1985-09-28,F
495,jalldridgedq,Jose,Alldridge,1967-06-15,M
496,fmarteldr,Franciskus,Martel,1966-03-19,M
497,epabelikds,Elana,Pabelik,1955-10-14,F
498,egiovanidt,Eberto,Giovani,1996-10-23,M
499,anorridgedu,Arel,Norridge,1994-03-09,M
500,bmannaghdv,Brina,Mannagh,1962-05-26,F
501,bdomeldw,Benoit,Domel,1962-06-28,M
502,tisaacsondx,Tobe,Isaacson,1974-01-21,M
503,pnokedy,Parrnell,Noke,1990-05-11,M
504,sedmottdz,Simmonds,Edmott,1971-10-19,M
505,jmonteathe0,Jorry,Monteath,1985-09-16,F
506,ajeffriese1,Alexandre,Jeffries,2003-01-06,M
507,tperrene2,Taffy,Perren,2009-04-03,F
508,lwatersone3,Lani,Waterson,1996-07-15,F
509,hblackwoode4,Holly,Blackwood,1958-08-07,F
510,llistonee5,Lyndsie,Listone,1985-02-26,F
511,fbrogie6,Fifine,Brogi,2000-06-27,F
512,jwillattse7,Josee,Willatts,1979-06-03,F
513,bsoffee8,Beatriz,Soffe,1967-08-30,F
514,jgoodbodye9,Jerome,Goodbody,2021-10-30,M
515,spalethorpeea,Simmonds,Palethorpe,2015-08-20,M
516,bsambelleb,Bettina,Sambell,1971-06-30,F
517,ucheckleyec,Umberto,Checkley,1998-01-26,M
518,ttatershalled,Trey,Tatershall,2008-08-04,M
519,njelksee,Nolly,Jelks,2015-01-31,M
520,fdoodyef,Fergus,Doody,1969-02-23,M
521,zarkleyeg,Zitella,Arkley,1998-10-01,F
522,cfernanandoeh,Cecilio,Fernanando,1970-12-10,M
523,ebyreei,Estel,Byre,2004-09-27,F
524,epenleyej,Emelita,Penley,1974-01-08,F
525,cbirkheadek,Cayla,Birkhead,2019-07-31,F
526,ojodrelleel,Olympie,Jodrelle,2020-09-22,F
527,mwebenem,Margie,Weben,1960-02-04,F
528,bkinleysideen,Brunhilda,Kinleyside,1987-04-28,F
529,rriveseo,Raynor,Rives,2020-03-30,M
530,lcrummeyep,Lethia,Crummey,2023-09-30,F
531,wblazdelleq,Wallas,Blazdell,2012-05-25,M
532,hkisbeyer,Herrick,Kisbey,2018-05-10,M
533,obrownlowes,Olenka,Brownlow,2009-08-30,F
534,kruttgerset,Karyn,Ruttgers,1953-09-16,F
535,ssweeteneu,Stacee,Sweeten,1987-02-16,M
536,jbarlaceev,Janifer,Barlace,2014-03-28,F
537,wrowenew,Wat,Rowen,2002-07-26,M
538,obalbeckex,Oren,Balbeck,2024-03-21,M
539,mvenardey,Marion,Venard,1966-07-04,F
540,blanahanez,Briggs,Lanahan,2020-04-14,M
541,tbaseyf0,Trevor,Basey,1998-12-17,M
542,diorizzof1,Dorian,Iorizzo,1962-04-21,F
543,wmccourtf2,Wallas,McCourt,1994-11-19,M
544,mcrunkhornf3,Matelda,Crunkhorn,2000-12-30,F
545,pstockinf4,Pepe,Stockin,1955-03-26,M
546,bruddockf5,Barbaraanne,Ruddock,2022-07-04,F
547,ntunstallf6,Niki,Tunstall,2023-04-21,F
548,ecassef7,Ellyn,Casse,2006-05-25,F
549,rbillingtonf8,Rancell,Billington,1982-05-21,M
550,aaveyardf9,Alric,Aveyard,2006-04-19,M
551,glabbettfa,Gery,Labbett,1956-08-26,M
552,mmcilwainfb,Myrilla,McIlwain,2009-07-15,F
553,bdemichettifc,Bernarr,De Michetti,1992-06-10,M
554,beddisonfd,Brandise,Eddison,2009-04-26,F
555,mshepeardfe,Morganica,Shepeard,1967-06-21,F
556,acurtinff,Aldridge,Curtin,1980-01-09,M
557,lfayersfg,Lon,Fayers,2018-08-09,M
558,gbrinefh,Grete,Brine,2020-12-20,F
559,ahufferfi,Amalee,Huffer,2022-01-21,F
560,tramsdalefj,Tracie,Ramsdale,1959-03-01,F
561,lkrautfk,Lazarus,Kraut,2006-06-05,M
562,dcabrarafl,Derry,Cabrara,1975-09-21,M
563,kpleasauncefm,Karoline,Pleasaunce,1987-07-31,F
564,dmcnallyfn,Danyette,McNally,1982-10-14,F
565,mpriddlefo,Mimi,Priddle,1982-08-29,F
566,espancockfp,Everard,Spancock,1963-04-19,M
567,hsurgenorfq,Herbie,Surgenor,1996-12-14,M
568,ogallihawkfr,Olivier,Gallihawk,2018-09-21,M
569,lheazelfs,Lark,Heazel,1994-08-14,F
570,jtreadwellft,Julita,Treadwell,2007-11-11,F
571,ctrenemanfu,Carol-jean,Treneman,1964-10-26,F
572,adonnersbergfv,Arvin,Donnersberg,1960-11-17,M
573,zoldfieldcherryfw,Zia,Oldfield-Cherry,1983-12-08,F
574,cconeaufx,Clarke,Coneau,1959-06-28,M
575,skahenfy,Spencer,Kahen,1974-02-23,M
576,mgillinghamfz,Mellisent,Gillingham,1987-04-02,F
577,emintoffg0,Ellwood,Mintoff,1958-10-21,M
578,dkirkmang1,Doreen,Kirkman,1963-05-29,F
579,ybullmang2,Yelena,Bullman,1965-07-28,F
580,arosellinig3,Abeu,Rosellini,2003-08-06,M
581,tblakeboroughg4,Terry,Blakeborough,2010-07-08,M
582,gstqueintaing5,Garvin,St. Queintain,1963-09-18,M
583,qpinsentg6,Quentin,Pinsent,2022-11-11,M
584,blongboneg7,Bonni,Longbone,1966-12-22,F
585,mvallerineg8,Mose,Vallerine,1971-09-10,M
586,tdoverg9,Tiffani,Dover,1967-05-15,F
587,aanthillga,Aretha,Anthill,1951-01-29,F
588,ebrickgb,Eliza,Brick,1991-02-07,F
589,cclurowgc,Candide,Clurow,1986-10-21,F
590,jpearnegd,Joell,Pearne,2020-06-12,F
591,tvorleyge,Thane,Vorley,1971-10-21,M
592,sstruthergf,Susana,Struther,2009-06-30,F
593,cgilstingg,Clemens,Gilstin,1992-10-18,M
594,dmcharggh,Doe,Mc Harg,1981-05-31,F
595,sneweygi,Steve,Newey,1991-08-26,M
596,tjerrimgj,Tabbi,Jerrim,1981-11-11,F
597,hspurdongk,Harv,Spurdon,1955-07-24,M
598,esaxelbygl,Even,Saxelby,1960-05-08,M
599,strobridgegm,Sherye,Trobridge,1958-10-22,F
600,vcanariogn,Valentina,Canario,1967-10-17,F
601,ssquibego,Shauna,Squibe,1988-07-29,F
602,aclemmowgp,Alfons,Clemmow,1964-10-26,M
603,swildeygq,Sidnee,Wildey,1973-05-18,M
604,mhankardgr,Melisa,Hankard,1976-07-08,F
605,mvelgs,Myrwyn,Vel,2019-12-15,M
606,cnielsongt,Carita,Nielson,1991-01-20,F
607,tbirdgu,Tulley,Bird,1982-02-16,M
608,msoalgv,Maurita,Soal,1967-10-12,F
609,perteltgw,Phineas,Ertelt,2004-02-24,M
610,rcloygx,Raine,Cloy,1971-11-15,F
611,ckimblygy,Clementina,Kimbly,1958-12-31,F
612,mfeenangz,Marc,Feenan,1995-09-17,M
613,tweipperth0,Tish,Weippert,1974-10-11,F
614,clabellh1,Carmita,Labell,2019-06-22,F
615,mdraycotth2,Mata,Draycott,2011-01-17,M
616,csnadenh3,Cynde,Snaden,1979-02-07,F
617,rpownallh4,Ronnica,Pownall,1954-09-14,F
618,sschollarh5,Sean,Schollar,1977-02-19,M
619,rhounihanh6,Remus,Hounihan,2019-06-08,M
620,ccordayh7,Cyb,Corday,1953-05-20,F
621,zdreinanh8,Zackariah,Dreinan,2011-07-06,M
622,popdenorthh9,Perren,Opdenorth,1981-12-07,M
623,dskydallha,Dominique,Skydall,2021-04-20,M
624,dpashlerhb,Dollie,Pashler,1982-09-21,F
625,kmclachlanhc,Kelcie,McLachlan,2020-02-07,F
626,aeagleshd,Andromache,Eagles,2018-11-28,F
627,bmaccaullhe,Brianne,MacCaull,1999-06-14,F
628,skasbyehf,Scott,Kasbye,1973-11-10,M
629,ebanbrickhg,Eugene,Banbrick,2000-02-02,M
630,mrawstornehh,Morty,Rawstorne,1992-03-15,M
631,clabromhi,Cindelyn,Labrom,1970-08-12,F
632,rdwellyhj,Randa,Dwelly,2009-09-04,F
633,ekibardhk,Eunice,Kibard,1996-11-18,F
634,jpellamonthl,Jarid,Pellamont,1988-02-18,M
635,bparadeshm,Benedetto,Parades,2002-07-03,M
636,edorseyhn,Esta,Dorsey,2003-10-06,F
637,bleismanho,Brittni,Leisman,1961-09-05,F
638,bfetterplacehp,Bordie,Fetterplace,1955-04-19,M
639,fjorethq,Fenelia,Joret,1961-03-26,F
640,nhedgeleyhr,Neville,Hedgeley,1996-07-01,M
641,kschlagtmanshs,Karylin,Schlagtmans,1984-04-26,F
642,dlokerht,Daisie,Loker,1994-07-07,F
643,dexleyhu,Denys,Exley,1974-06-28,M
644,fmacgibbonhv,Fallon,MacGibbon,1997-10-12,F
645,gdayleyhw,Garrott,Dayley,1990-10-28,M
646,csorsbiehx,Candy,Sorsbie,1975-11-03,F
647,kmandrierhy,Koo,Mandrier,2008-06-08,F
648,moquirkhz,Mariquilla,O' Quirk,1953-07-30,F
649,pstuddi0,Petronille,Studd,1957-01-22,F
650,dlamberseni1,Dene,Lambersen,2019-03-05,M
651,ptasselli2,Pauly,Tassell,1996-07-12,M
652,ghuyghei3,Gwenni,Huyghe,1996-08-10,F
653,hhowicki4,Heddie,Howick,2012-03-31,F
654,mdorkeni5,Marnia,Dorken,1952-02-19,F
655,jbroxtoni6,Jack,Broxton,2015-02-17,M
656,cnavaroi7,Craggie,Navaro,2012-05-23,M
657,fperrinsi8,Felipa,Perrins,1951-08-09,F
658,ddickonsi9,Dodie,Dickons,1953-02-05,F
659,meberdtia,Mandel,Eberdt,1986-10-07,M
660,pjeaycockib,Pansy,Jeaycock,1986-08-27,F
661,lelintuneic,Lauritz,Elintune,1950-11-09,M
662,sstaceid,Suellen,Stace,1969-01-17,F
663,mentwistleie,Maressa,Entwistle,1954-08-15,F
664,rsygrovesif,Ron,Sygroves,2020-06-16,M
665,rgormanig,Reuben,Gorman,2019-05-21,M
666,scoochih,Stacey,Cooch,1968-09-10,F
667,edronii,Evyn,Dron,1972-10-12,M
668,gaddessij,Giovanni,Addess,1993-02-07,M
669,acolbertik,Avie,Colbert,1964-10-05,F
670,btromansil,Bobinette,Tromans,1963-07-20,F
671,candrioniim,Cristine,Andrioni,1968-05-10,F
672,cmarrablein,Consolata,Marrable,1973-02-17,F
673,etokleyio,Ezmeralda,Tokley,1986-02-23,F
674,ssuddardsip,Sallyanne,Suddards,1956-03-02,F
675,cbadgersiq,Clair,Badgers,1988-05-15,M
676,agrassickir,Alisun,Grassick,1962-03-20,F
677,hhazzardis,Hubert,Hazzard,2017-12-31,M
678,hdarkeit,Horace,Darke,1955-12-10,M
679,rlemmersiu,Rudolfo,Lemmers,1977-09-04,M
680,fbuckieiv,Florencia,Buckie,1963-10-22,F
681,lpollicattiw,Legra,Pollicatt,1954-12-13,F
682,gproffittix,Geri,Proffitt,1994-10-17,F
683,twonesiy,Torin,Wones,1964-09-09,M
684,oelhamiz,Olympe,Elham,1995-03-06,F
685,klarcombej0,Kipp,Larcombe,1985-08-24,F
686,eluggj1,Erinna,Lugg,1960-04-22,F
687,uturfinj2,Urban,Turfin,1961-11-19,M
688,gstiggersj3,Gabbi,Stiggers,1990-02-22,F
689,bmounchj4,Borg,Mounch,1954-01-08,M
690,aduffriej5,Alonzo,Duffrie,1984-12-02,M
691,tkiddyej6,Thornton,Kiddye,2006-07-03,M
692,vdozdillj7,Vick,Dozdill,1985-03-23,M
693,ptawtonj8,Pennie,Tawton,1958-11-15,F
694,ihawtryj9,Ira,Hawtry,1973-11-11,F
695,wmcmorlandja,Worth,McMorland,1950-10-03,M
696,bfawthorpejb,Benedetta,Fawthorpe,2005-01-20,F
697,ljakubowiczjc,Layney,Jakubowicz,1979-05-31,F
698,ggoldmanjd,Gare,Goldman,1998-06-02,M
699,nrosenbergerje,Nicolette,Rosenberger,1991-01-16,F
700,kgeggusjf,Karoly,Geggus,1958-07-28,M
701,ahansfordjg,Alameda,Hansford,1999-03-07,F
702,qbosdetjh,Quillan,Bosdet,2015-10-24,M
703,mellsomji,Minna,Ellsom,2009-11-23,F
704,amacgibbonjj,Ash,MacGibbon,1972-07-05,M
705,sfraynjk,Sonni,Frayn,1987-06-16,F
706,jfeatherbiejl,Justinian,Featherbie,2001-08-22,M
707,tcultchethjm,Tabatha,Cultcheth,1987-08-14,F
708,mcraydonjn,Michel,Craydon,2024-01-27,M
709,wblofeldjo,Wood,Blofeld,1977-12-25,M
710,atwelftreejp,Axe,Twelftree,1996-07-03,M
711,seglejq,Sheeree,Egle,2017-06-09,F
712,ztortisjr,Zahara,Tortis,1962-06-19,F
713,cwigginjs,Cullan,Wiggin,1963-06-30,M
714,mheskinsjt,Montague,Heskins,1998-08-01,M
715,cboornju,Consalve,Boorn,2000-01-08,M
716,crowbottomjv,Cyb,Rowbottom,1966-05-13,F
717,rlozanojw,Rosy,Lozano,1964-02-12,F
718,averheijdenjx,Ania,Verheijden,1996-08-26,F
719,ncowelyjy,Nicolais,Cowely,2019-09-26,M
720,klightollerjz,Karee,Lightoller,1994-04-10,F
721,tmcgregork0,Trenton,McGregor,2022-05-26,M
722,scremenk1,Sherilyn,Cremen,1965-05-28,F
723,jtitcombk2,Jazmin,Titcomb,1981-05-06,F
724,tpointk3,Truman,Point,1978-12-20,M
725,rtottonk4,Robbert,Totton,1986-12-29,M
726,acottuk5,Ange,Cottu,1969-12-22,F
727,kdudleyk6,Kelley,Dudley,1981-04-29,F
728,phabardk7,Piggy,Habard,1983-02-02,M
729,storbeckk8,Sharia,Torbeck,1999-10-22,F
730,nshoardk9,Novelia,Shoard,1962-12-05,F
731,linsleyka,Levy,Insley,2001-10-23,M
732,gdatonkb,Gerry,Daton,1985-04-16,M
733,sdivinekc,Sheelagh,Divine,1981-01-08,F
734,apattersonkd,Averil,Patterson,1973-02-18,F
735,cbrighamke,Chrisy,Brigham,1970-08-05,M
736,wsegotkf,Wyndham,Segot,2003-11-23,M
737,aheyskg,Ardine,Heys,1984-02-08,F
738,kgardenerkh,Klarrisa,Gardener,1976-11-01,F
739,bkeyeski,Bailey,Keyes,1985-04-17,M
740,wscripturekj,Wilton,Scripture,1957-08-13,M
741,chadyekk,Clive,Hadye,1964-05-02,M
742,pkerleykl,Pen,Kerley,1977-05-04,M
743,akemmettkm,Agosto,Kemmett,1978-10-14,M
744,flansdownkn,Federica,Lansdown,1952-06-30,F
745,edemcikko,Ethelbert,Demcik,1999-08-13,M
746,vparcallkp,Verla,Parcall,1977-07-31,F
747,hmcgowankq,Henka,McGowan,1988-12-21,F
748,fellisonkr,Fawn,Ellison,2011-03-09,F
749,gwickrathks,Gothart,Wickrath,1990-12-19,M
750,rbearhamkt,Rubin,Bearham,1954-05-31,M
751,rgorringku,Rayna,Gorring,1960-12-06,F
752,lrodgerkv,Llywellyn,Rodger,1980-07-08,M
753,rpesterkw,Riordan,Pester,2012-02-29,M
754,ckilmarykx,Clemmy,Kilmary,2022-07-27,M
755,amacadamky,Avery,MacAdam,1990-11-24,M
756,kstollwerckkz,Kingston,Stollwerck,1961-10-02,M
757,tmcconvillel0,Tris,McConville,1991-05-21,M
758,poaksl1,Poul,Oaks,1950-08-26,M
759,rstorriel2,Rasla,Storrie,1981-02-24,F
760,ivilliersl3,Isabel,Villiers,1965-12-18,F
761,vrudolferl4,Vin,Rudolfer,1985-02-10,M
762,bcoupel5,Blinny,Coupe,1953-09-26,F
763,aschererl6,Adey,Scherer,2023-09-25,F
764,flabarrel7,Fred,Labarre,2008-02-19,F
765,bpowtonl8,Brear,Powton,2009-02-20,F
766,bdochertyl9,Berne,Docherty,1973-07-21,M
767,abenedictela,Averill,Benedicte,2019-12-19,M
768,awinslowlb,Arabele,Winslow,1974-06-11,F
769,kyesipovlc,Krissie,Yesipov,1959-08-19,F
770,lcolhounld,Laurella,Colhoun,1959-05-29,F
771,cmcghiele,Colline,McGhie,2014-09-28,F
772,lswaffieldlf,Luise,Swaffield,2022-12-22,F
773,twarlocklg,Timmie,Warlock,1977-09-18,M
774,icomarlh,Ingar,Comar,2017-09-25,M
775,jlittlefieldli,Janith,Littlefield,1960-07-12,F
776,hfigglj,Homerus,Figg,2008-04-23,M
777,cattyeolk,Caro,Attyeo,2010-10-21,F
778,tterzill,Truda,Terzi,1968-04-21,F
779,gmelchiorlm,Gui,Melchior,2013-05-19,F
780,dmccurlyeln,Della,McCurlye,1975-10-25,F
781,dmccallumlo,Dunstan,McCallum,2009-05-21,M
782,growswelllp,Gardener,Rowswell,2015-10-27,M
783,tliveleylq,Thebault,Liveley,1986-09-11,M
784,aheggielr,Adolphus,Heggie,2012-01-31,M
785,jdagnanls,Jemimah,Dagnan,1966-07-08,F
786,bwolfferslt,Birch,Wolffers,1989-07-03,M
787,mnettleslu,Man,Nettles,2009-02-12,M
788,mgorinilv,Maud,Gorini,1979-01-20,F
789,dlinduplw,Dwight,Lindup,1998-08-17,M
790,cdittslx,Cletus,Ditts,2018-03-15,M
791,wgorellily,Wendel,Gorelli,1991-05-06,M
792,sebbagelz,Stanford,Ebbage,1999-02-28,M
793,kpaullm0,Kendal,Paull,1996-02-21,M
794,vbadenm1,Valeda,Baden,1971-04-30,F
795,sbaudinom2,Sabina,Baudino,2003-05-25,F
796,mfrancklinm3,Milena,Francklin,2013-03-14,F
797,rblacklawem4,Reilly,Blacklawe,1976-09-24,M
798,jdinniesm5,Jervis,Dinnies,1959-02-08,M
799,rcroomm6,Reginald,Croom,1993-11-12,M
800,mbarleem7,My,Barlee,1983-10-31,M
801,atejerom8,Austin,Tejero,1995-07-27,M
802,dknightsbridgem9,Darice,Knightsbridge,2000-10-25,F
803,sselwynma,Sosanna,Selwyn,1997-12-08,F
804,abosdetmb,Adan,Bosdet,2014-03-11,M
805,mgermanmc,Merrilee,German,1964-12-07,F
806,nrizonmd,Nanette,Rizon,1964-07-30,F
807,bmontroseme,Basia,Montrose,1999-05-16,F
808,nmoortonmf,Nilson,Moorton,1980-07-10,M
809,nwoodruffmg,Noak,Woodruff,2018-06-28,M
810,jmattekmh,Jeffry,Mattek,1977-10-28,M
811,rrobartmi,Ravi,Robart,1978-10-25,M
812,goreillymj,Garey,O'Reilly,1993-12-31,M
813,obalasinmk,Orton,Balasin,1968-08-20,M
814,jmendezml,Judie,Mendez,2024-01-12,F
815,pairemm,Pauly,Aire,1979-08-31,M
816,nkirimaamn,Natale,Kirimaa,1971-04-03,M
817,dwarstallmo,Dore,Warstall,2020-03-21,M
818,ndavidovskymp,Nicholas,Davidovsky,1963-07-29,M
819,wpookemq,Worthy,Pooke,1956-09-30,M
820,gmealhammr,Gardy,Mealham,2013-02-27,M
821,ecaughtryms,Eudora,Caughtry,1953-03-16,F
822,bbaeldemt,Burt,Baelde,1999-06-05,M
823,ccounsellmu,Carleen,Counsell,1998-01-02,F
824,tsirmanmv,Tish,Sirman,1953-02-27,F
825,btukesbymw,Birgit,Tukesby,2004-06-04,F
826,sdearnlymx,Sheila-kathryn,Dearnly,1957-10-11,F
827,dbownasmy,Dion,Bownas,1963-03-14,M
828,dflethammz,Dinah,Fletham,1987-12-31,F
829,epeacockn0,Erroll,Peacock,2008-07-23,M
830,mglentonn1,Marlowe,Glenton,2021-06-06,M
831,sbuttingn2,Shae,Butting,1973-09-24,F
832,lclubbn3,Lind,Clubb,1959-12-27,M
833,areefn4,Amalea,Reef,1961-11-20,F
834,epressnelln5,Emlyn,Pressnell,1956-08-11,F
835,mbainsn6,Marco,Bains,1981-07-20,M
836,bkassidyn7,Bartholomeo,Kassidy,2004-09-03,M
837,lhugettn8,Livy,Hugett,2012-03-10,F
838,cnielsonn9,Cirstoforo,Nielson,1975-05-01,M
839,tdrewettna,Tully,Drewett,2005-05-31,M
840,mmathersonnb,Maxi,Matherson,1961-02-18,F
841,dsneddonnc,Dorelia,Sneddon,2021-03-09,F
842,cremmernd,Cos,Remmer,2009-04-04,M
843,wsawreyne,Willey,Sawrey,1979-12-04,M
844,rgutmannf,Rosina,Gutman,2003-07-18,F
845,rstennerng,Rudie,Stenner,2002-08-07,M
846,agalileenh,Alexa,Galilee,2019-02-12,F
847,mpitcockni,Mahalia,Pitcock,1962-12-22,F
848,lfarquharnj,Loydie,Farquhar,1990-08-12,M
849,gkenefordnk,Greg,Keneford,1958-02-26,M
850,cdionisnl,Cher,Dionis,1994-11-19,F
851,hspallsnm,Hanan,Spalls,1988-10-22,M
852,lpengellynn,Lorens,Pengelly,1999-07-18,M
853,msutherdenno,Madalena,Sutherden,1973-04-05,F
854,kcattonp,Kristin,Catto,1980-10-05,F
855,mmerrellnq,Mic,Merrell,2011-01-10,M
856,afolkernr,Aggi,Folker,1991-07-23,F
857,tcheneryns,Torey,Chenery,1971-10-23,M
858,mtimlettnt,Marnia,Timlett,1981-10-11,F
859,avanyardnu,Arman,Vanyard,2009-10-28,M
860,jbartosinskinv,Jarid,Bartosinski,2001-10-18,M
861,nplannw,Nancey,Plan,1951-12-27,F
862,bdibnahnx,Burgess,Dibnah,2018-06-15,M
863,hcottrellny,Hugibert,Cottrell,1980-07-10,M
864,tmoronz,Tammy,Moro,1992-10-23,M
865,dcastanedao0,Dion,Castaneda,2014-02-03,M
866,pcheesmano1,Prince,Cheesman,1990-01-22,M
867,iflippinio2,Isaiah,Flippini,1968-02-14,M
868,arofeo3,Adriane,Rofe,1992-03-19,F
869,jvalentimo4,Jolyn,Valentim,1986-10-18,F
870,gantrimo5,Guglielmo,Antrim,2004-02-22,M
871,driacho6,Darnall,Riach,1987-04-01,M
872,rgajewskio7,Rance,Gajewski,2011-08-09,M
873,opacho8,Olive,Pach,1953-11-02,F
874,mbeebeeo9,Mitchel,Beebee,2010-02-21,M
875,laidleroa,Ludovika,Aidler,1956-08-22,F
876,psussemsob,Pier,Sussems,2018-01-30,F
877,plyptradeoc,Pepi,Lyptrade,2007-03-03,F
878,mhemmsod,Mab,Hemms,1986-11-19,F
879,kabreyoe,Kylie,Abrey,1998-03-25,M
880,jhenricssonof,Jo-anne,Henricsson,1965-02-03,F
881,elaphamog,Erminia,Lapham,1959-07-10,F
882,aspinellioh,Abram,Spinelli,2013-03-03,M
883,gbrahmeroi,Gabbi,Brahmer,2021-11-09,F
884,cheardmanoj,Constantine,Heardman,2004-04-08,M
885,marlingok,Merl,Arling,1976-02-08,F
886,cbenziesol,Christoforo,Benzies,1981-05-20,M
887,mskermom,Marty,Skerm,1960-02-12,M
888,ptookon,Pia,Took,1971-06-10,F
889,nchicchettooo,Nancy,Chicchetto,1996-05-19,F
890,lgirogettiop,Lindi,Girogetti,1963-09-02,F
891,ckennerknechtoq,Cass,Kennerknecht,2013-05-07,F
892,rmacconachyor,Roch,Macconachy,1979-12-27,F
893,daveyardos,Drake,Aveyard,1992-04-12,M
894,cchamneyot,Carlynne,Chamney,1965-03-22,F
895,agrattageou,Augusto,Grattage,1994-10-26,M
896,emowlesov,Esdras,Mowles,2022-06-27,M
897,rkennealyow,Roi,Kennealy,2015-10-22,M
898,cmeaneyox,Consuelo,Meaney,2002-08-19,F
899,hbyngoy,Hewett,Byng,2003-02-14,M
900,kvostoz,Kain,Vost,2011-03-04,M
901,lbonehamp0,Lottie,Boneham,1958-10-13,F
902,ajacobowiczp1,Arlyne,Jacobowicz,1971-04-24,F
903,lsmeathp2,Leopold,Smeath,2023-10-08,M
904,mciraldop3,Malvin,Ciraldo,2001-11-18,M
905,fstaversp4,Frasquito,Stavers,2020-02-05,M
906,jdooreyp5,Julia,Doorey,1969-01-25,F
907,galbrop6,Gav,Albro,2003-06-16,M
908,lrothchildp7,Leeanne,Rothchild,2012-03-06,F
909,dputtnamp8,Daryl,Puttnam,1994-08-02,M
910,odencsp9,Oliy,Dencs,2008-05-22,F
911,ahaseldinepa,Adelice,Haseldine,2023-04-11,F
912,cbilbrookpb,Cullen,Bilbrook,1968-04-23,M
913,lphupratepc,Lorens,Phuprate,1951-03-16,M
914,csturgeonpd,Caril,Sturgeon,1981-05-07,F
915,tsweedype,Tammie,Sweedy,1971-11-07,M
916,tmattheeuwpf,Timmi,Mattheeuw,1963-01-14,F
917,foryspg,Fredrika,Orys,1984-02-04,F
918,milyenkoph,Malachi,Ilyenko,1993-04-13,M
919,jmcavaddypi,Jaynell,McAvaddy,2010-10-17,F
920,rlabadinipj,Randall,Labadini,2000-01-21,M
921,dpatterfieldpk,Donnie,Patterfield,2013-07-07,M
922,karnisonpl,Kayley,Arnison,1988-08-25,F
923,mcroizierpm,Marshal,Croizier,1984-05-27,M
924,mcamplenpn,Manny,Camplen,1978-06-04,M
925,fchallicumpo,Fina,Challicum,1962-02-18,F
926,gquineypp,Garwin,Quiney,2017-05-24,M
927,khargesspq,Karoly,Hargess,2013-04-20,F
928,umarshfieldpr,Ulric,Marshfield,1952-05-18,M
929,mcominips,Mathe,Comini,2015-05-03,M
930,obrownillpt,Obadiah,Brownill,1996-11-20,M
931,rciottoipu,Ruby,Ciottoi,2013-05-14,M
932,raasafpv,Riordan,Aasaf,1979-01-12,M
933,ltofanellipw,Leonard,Tofanelli,1996-08-20,M
934,gscarasbrickpx,Gertrudis,Scarasbrick,1997-03-06,F
935,bcransonpy,Barrie,Cranson,1974-10-10,M
936,wredparthpz,Wolfy,Redparth,1988-01-25,M
937,aallwrightq0,Alyce,Allwright,1981-06-29,F
938,efikeq1,Emerson,Fike,1995-11-24,M
939,akundertq2,Arni,Kundert,2020-03-10,M
940,mbanthorpeq3,Marcel,Banthorpe,1966-05-21,M
941,tchandlarq4,Tyler,Chandlar,1996-01-13,M
942,bbrosioq5,Beitris,Brosio,1966-11-20,F
943,hbradmanq6,Harper,Bradman,2015-11-07,M
944,wcraisfordq7,Wilhelm,Craisford,2022-03-15,M
945,callinq8,Christoffer,Allin,1967-05-18,M
946,hsirmonq9,Hestia,Sirmon,1958-08-31,F
947,ryoakleyqa,Renaud,Yoakley,2020-02-27,M
948,dmatterisqb,Dorice,Matteris,1953-02-24,F
949,bfarleighqc,Brant,Farleigh,1973-03-21,M
950,tlightbownqd,Tandie,Lightbown,2013-04-24,F
951,bplitzqe,Bartholemy,Plitz,2009-11-01,M
952,lhounihanqf,Lotte,Hounihan,2002-04-24,F
953,dbaggeqg,Dorthea,Bagge,2006-02-08,F
954,lcicciqh,La verne,Cicci,1982-10-13,F
955,dseyersqi,Deane,Seyers,2012-05-14,M
956,mmorradqj,Marietta,Morrad,1953-09-06,F
957,rblucherqk,Rafaelita,Blucher,2022-01-12,F
958,etrussellql,Elwood,Trussell,1991-04-29,M
959,odawbyqm,Opal,Dawby,2001-10-25,F
960,eclewerqn,Evita,Clewer,2010-10-09,F
961,egleetonqo,Eal,Gleeton,1993-10-19,M
962,cgracewoodqp,Clarita,Gracewood,1989-12-01,F
963,bhowsqq,Bobby,Hows,2009-09-01,M
964,awrothamqr,Angie,Wrotham,2010-11-29,F
965,mdibsonqs,Marmaduke,Dibson,2012-03-18,M
966,pbirtwistleqt,Phil,Birtwistle,2022-07-27,M
967,bdomaschkequ,Belicia,Domaschke,2008-04-20,F
968,hokieltqv,Holli,O'Kielt,1987-08-25,F
969,tdaveleyqw,Tripp,Daveley,1955-02-23,M
970,mdinnageqx,Marilee,Dinnage,2001-07-05,F
971,jhukinsqy,Jack,Hukins,1989-08-12,M
972,ioriganqz,Isacco,Origan,1959-01-09,M
973,jdefilippir0,Jessie,De Filippi,2003-07-24,F
974,jalastairr1,Joycelin,Alastair,2004-03-15,F
975,stymr2,Sallee,Tym,1995-11-18,F
976,egirardengor3,Erena,Girardengo,1976-04-23,F
977,pbonir4,Peter,Boni,1976-09-25,M
978,rclaeskensr5,Roslyn,Claeskens,2008-12-12,F
979,cjanjicr6,Chastity,Janjic,1966-05-28,F
980,foruddenr7,Franciska,O'Rudden,2014-04-26,F
981,wmockettr8,Wandie,Mockett,1987-03-01,F
982,urickardr9,Umberto,Rickard,1964-12-12,M
983,mwauchopera,Maria,Wauchope,2003-01-18,F
984,kfrancescozzirb,Kacy,Francescozzi,1966-10-01,F
985,vmaaszrc,Velma,Maasz,1967-05-30,F
986,mdragerd,Melisent,Drage,1959-12-16,F
987,fhumphreyre,Florina,Humphrey,2007-08-28,F
988,tmeanyrf,Thaine,Meany,2002-01-30,M
989,ssealeyrg,Sileas,Sealey,2002-08-19,F
990,bcartmillrh,Brander,Cartmill,2022-04-12,M
991,obyresri,Octavia,Byres,1954-12-27,F
992,mcrocomberj,Marika,Crocombe,1977-03-15,F
993,cbenjaminrk,Clementius,Benjamin,2000-10-15,M
994,kskullyrl,Kalle,Skully,1970-05-12,M
995,toadesrm,Terrel,Oades,1990-09-19,M
996,cvawtonrn,Clem,Vawton,2014-05-07,M
997,jpilmorero,Jasper,Pilmore,2023-12-12,M
998,msandiferrp,Mill,Sandifer,1961-01-07,M
999,ereidrq,Emmott,Reid,1995-11-02,M
1000,rnugentrr,Ray,Nugent,1978-09-24,M
